{
  "__version__": "1.3.8",
  "splash-setting": {
    "background": {
      "type": "default",
      "color": {
        "x": 0.396078431372549,
        "y": 0.615686274509804,
        "z": 0.6588235294117647,
        "w": 1
      }
    }
  }
}
